collected_date,reported_date,school_board,school_id,school,municipality,confirmed_student_cases,confirmed_staff_cases,confirmed_unspecified_cases,total_confirmed_cases,lon,lat
2021-10-21,2021-10-22,Algoma District School Board,485497,River View Public School,Sault Ste. Marie,1,0,0,1,-84.29871790000001,46.5178348
2021-10-21,2021-10-22,Algonquin and Lakeshore Catholic District School Board,851752,St Theresa Catholic Secondary School,Belleville,2,0,0,2,-77.3800517,44.1885076
2021-10-21,2021-10-22,Avon Maitland District School Board,923095,Listowel District Secondary School,North Perth,1,0,0,1,-80.9464356,43.7279774
2021-10-21,2021-10-22,Avon Maitland District School Board,372781,Mornington Central Public School,Perth East,1,0,0,1,-80.8841908,43.6142293
2021-10-21,2021-10-22,Bluewater District School Board,914444,Grey Highlands Secondary School,Grey Highlands,8,0,0,8,-80.5439098,44.2571104
2021-10-21,2021-10-22,Bluewater District School Board,919454,Kincardine District Secondary School,Kincardine,1,0,0,1,-81.6279526,44.1768463
2021-10-21,2021-10-22,Bluewater District School Board,450910,Port Elgin-Saugeen Central School,Saugeen Shores,1,0,0,1,-81.3938366,44.435157
2021-10-21,2021-10-22,Bluewater District School Board,940127,Saugeen District Secondary School,Saugeen Shores,2,0,0,2,-81.383995,44.432949
2021-10-21,2021-10-22,Bluewater District School Board,290604,Saugeen District Senior School,Saugeen Shores,1,0,0,1,-81.383995,44.432949
2021-10-21,2021-10-22,Catholic District School Board of Eastern Ontario,715190,Holy Trinity Catholic Secondary School,South Glengarry,0,1,0,1,-74.6732692,45.0453521
2021-10-21,2021-10-22,Catholic District School Board of Eastern Ontario,759040,Sacred Heart School,Cornwall,1,0,0,1,-74.7511114,45.0365884
2021-10-21,2021-10-22,Catholic District School Board of Eastern Ontario,806277,St Joseph's Secondary School,Cornwall,1,0,0,1,-74.749842,45.0344797
2021-10-21,2021-10-22,Catholic District School Board of Eastern Ontario,803065,St. Luke Catholic High School,Smiths Falls,0,1,0,1,-76.0187381,44.8930343
2021-10-21,2021-10-22,Catholic District School Board of Eastern Ontario,765428,St. Matthew Catholic Elementary School,Cornwall,2,2,0,4,-74.731919,45.02008
2021-10-21,2021-10-22,Conseil des écoles publiques de l'Est de l'Ontario,488291,École élémentaire publique Carrefour Jeunesse,Clarence-Rockland,3,0,0,3,-75.2878862,45.5440165
2021-10-21,2021-10-22,Conseil des écoles publiques de l'Est de l'Ontario,412597,École élémentaire publique Charlotte Lemieux,Ottawa,7,1,0,8,-75.7631854,45.3629578
2021-10-21,2021-10-22,Conseil des écoles publiques de l'Est de l'Ontario,417726,École élémentaire publique Des Sentiers,Ottawa,0,1,0,1,-75.4609256,45.4594765
2021-10-21,2021-10-22,Conseil des écoles publiques de l'Est de l'Ontario,419796,École élémentaire publique Francojeunesse,Ottawa,1,0,0,1,-75.6803887,45.4245486
2021-10-21,2021-10-22,Conseil des écoles publiques de l'Est de l'Ontario,204986,École élémentaire publique Gabrielle-Roy,Ottawa,6,2,0,8,-75.6344603,45.3485545
2021-10-21,2021-10-22,Conseil des écoles publiques de l'Est de l'Ontario,156108,École élémentaire publique L'Odyssée,Ottawa,0,1,0,1,-75.5363247,45.4683432
2021-10-21,2021-10-22,Conseil des écoles publiques de l'Est de l'Ontario,323187,École élémentaire publique Louis-Riel,Ottawa,1,0,0,1,-75.5714633,45.4414467
2021-10-21,2021-10-22,Conseil des écoles publiques de l'Est de l'Ontario,164852,École élémentaire publique Marie-Curie,Ottawa,5,1,0,6,-75.6307305,45.3986114
2021-10-21,2021-10-22,Conseil des écoles publiques de l'Est de l'Ontario,247352,École élémentaire publique Maurice-Lapointe,Ottawa,1,0,0,1,-75.8589571,45.2785525
2021-10-21,2021-10-22,Conseil des écoles publiques de l'Est de l'Ontario,156035,École élémentaire publique Omer-Deslauriers,Ottawa,1,0,0,1,-75.7163829,45.3505801
2021-10-21,2021-10-22,Conseil des écoles publiques de l'Est de l'Ontario,167811,École élémentaire publique Ottawa Ouest,Ottawa,2,1,0,3,-75.788111,45.3367752
2021-10-21,2021-10-22,Conseil des écoles publiques de l'Est de l'Ontario,904945,École secondaire publique Louis-Riel,Ottawa,1,0,0,1,-75.5714633,45.4414467
2021-10-21,2021-10-22,Conseil des écoles publiques de l'Est de l'Ontario,907421,École secondaire publique Omer-Deslauriers,Ottawa,3,0,0,3,-75.7163829,45.3505801
2021-10-21,2021-10-22,Conseil scolaire catholique MonAvenir,B67318,Board Site,Toronto,0,1,0,1,-79.3269155,43.6617695
2021-10-21,2021-10-22,Conseil scolaire catholique MonAvenir,694100,ÉÉC Cardinal-Léger,Kitchener,1,0,0,1,-80.4816649,43.4076273
2021-10-21,2021-10-22,Conseil scolaire catholique MonAvenir,699764,ÉÉC Corpus-Christi,Oshawa,1,0,0,1,-78.87116309999999,43.8819461
2021-10-21,2021-10-22,Conseil scolaire catholique MonAvenir,755532,ÉÉC du Sacré-Coeur-Toronto,Toronto,0,1,0,1,-79.42391099999999,43.66778499999999
2021-10-21,2021-10-22,Conseil scolaire catholique MonAvenir,795917,ÉÉC Le-Petit-Prince,Vaughan,1,0,0,1,-79.5249385,43.8501308
2021-10-21,2021-10-22,Conseil scolaire catholique MonAvenir,690007,ÉÉC Monseigneur-de-Laval,Hamilton,3,0,0,3,-79.891768,43.234117
2021-10-21,2021-10-22,Conseil scolaire catholique MonAvenir,690740,ÉÉC Sainte-Jeanne-d'Arc,Brampton,3,0,0,3,-79.7368575,43.7107627
2021-10-21,2021-10-22,Conseil scolaire catholique MonAvenir,822671,ÉÉC Sainte-Marguerite-Bourgeoys-Markham,Markham,2,0,0,2,-79.357865,43.8636685
2021-10-21,2021-10-22,Conseil scolaire catholique MonAvenir,838632,ÉÉC Sainte-Marguerite-Bourgeoys-St.Cath,St. Catharines,1,0,0,1,-79.2197239,43.1335451
2021-10-21,2021-10-22,Conseil scolaire catholique MonAvenir,773557,ÉÉC Sainte-Marguerite-d'Youville,Toronto,1,0,0,1,-79.5058893,43.6360507
2021-10-21,2021-10-22,Conseil scolaire catholique MonAvenir,822000,ÉÉC Sainte-Marie-Oakville,Oakville,1,0,0,1,-79.6866644,43.4423143
2021-10-21,2021-10-22,Conseil scolaire catholique MonAvenir,837180,ÉÉC Saint-Noël-Chabanel-Cambridge,Cambridge,2,0,0,2,-80.3391831,43.4040538
2021-10-21,2021-10-22,Conseil scolaire catholique MonAvenir,739984,ÉIC Renaissance,Vaughan,1,0,0,1,-79.5045715,43.8472823
2021-10-21,2021-10-22,Conseil scolaire catholique Providence,860919,Centre de formation pour adultes,Windsor,0,2,0,2,-83.035173,42.31079
2021-10-21,2021-10-22,Conseil scolaire catholique Providence,708054,École élémentaire catholique Georges P Vanier,Windsor,5,0,0,5,-82.9594671,42.3248797
2021-10-21,2021-10-22,Conseil scolaire catholique Providence,863726,École élémentaire catholique Sainte-Ursule,Essex,1,0,0,1,-82.968119,42.1447317
2021-10-21,2021-10-22,Conseil scolaire de district catholique de l'Est ontarien,840947,École élémentaire catholique de Casselman - Pav. St-Paul/Ste-Euphémie,Casselman,1,0,0,1,-75.083107,45.3190683
2021-10-21,2021-10-22,Conseil scolaire de district catholique de l'Est ontarien,695050,École secondaire catholique de Casselman,Casselman,1,0,0,1,-75.0876167,45.3165493
2021-10-21,2021-10-22,Conseil scolaire de district catholique des Grandes Rivières,815985,École catholique St-Jude,Timmins,1,0,0,1,-81.1682628,48.4931154
2021-10-21,2021-10-22,Conseil scolaire de district catholique du Centre-Est de l'Ontario,B67334,Board Site,Ottawa,0,2,0,2,-75.688641,45.427079
2021-10-21,2021-10-22,Conseil scolaire de district catholique du Centre-Est de l'Ontario,786634,École élémentaire catholique d'enseignement personnalisé Édouard-Bond,Ottawa,0,1,0,1,-75.7769044,45.3631886
2021-10-21,2021-10-22,Conseil scolaire de district catholique du Centre-Est de l'Ontario,703168,École élémentaire catholique Des Pionniers,Ottawa,1,0,0,1,-75.4816206,45.473832
2021-10-21,2021-10-22,Conseil scolaire de district catholique du Centre-Est de l'Ontario,864730,École élémentaire catholique George-Étienne-Cartier,Ottawa,1,0,0,1,-75.6727002,45.3633335
2021-10-21,2021-10-22,Conseil scolaire de district catholique du Centre-Est de l'Ontario,753157,École élémentaire catholique Marius-Barbeau,Ottawa,2,0,0,2,-75.656574,45.371536
2021-10-21,2021-10-22,Conseil scolaire de district catholique du Centre-Est de l'Ontario,732397,École élémentaire catholique Montfort,Ottawa,5,0,0,5,-75.630513,45.440591
2021-10-21,2021-10-22,Conseil scolaire de district catholique du Centre-Est de l'Ontario,793027,École élémentaire catholique Saint-François-d'Assise,Ottawa,0,5,0,5,-75.7240564,45.4024522
2021-10-21,2021-10-22,Conseil scolaire de district catholique du Centre-Est de l'Ontario,752625,École élémentaire catholique Saint-Rémi,Ottawa,1,0,0,1,-75.9228356,45.3275474
2021-10-21,2021-10-22,Conseil scolaire de district catholique du Centre-Est de l'Ontario,751120,École intermédiaire catholique Samuel-Genest,Ottawa,1,0,0,1,-75.6302099,45.4426619
2021-10-21,2021-10-22,Conseil scolaire de district catholique Franco-Nord,848662,École Saint-Raymond,North Bay,1,0,0,1,-79.4432817,46.2888014
2021-10-21,2021-10-22,Conseil scolaire Viamonde,447621,École élémentaire Charles-Sauriol,Toronto,1,0,0,1,-79.4559275,43.667873
2021-10-21,2021-10-22,Conseil scolaire Viamonde,298572,École élémentaire de Lamothe-Cadillac,Windsor,2,0,0,2,-83.0455283,42.288895
2021-10-21,2021-10-22,Conseil scolaire Viamonde,165395,École élémentaire L'Envolée,Windsor,0,1,0,1,-83.0070443,42.311347
2021-10-21,2021-10-22,Conseil scolaire Viamonde,165484,École élémentaire Pavillon de la jeunesse,Hamilton,0,1,0,1,-79.8242,43.22647
2021-10-21,2021-10-22,Conseil scolaire Viamonde,165476,École élémentaire Pierre-Elliott-Trudeau,Toronto,1,0,0,1,-79.4141675,43.6519856
2021-10-21,2021-10-22,Conseil scolaire Viamonde,961008,École secondaire de Lamothe-Cadillac,Windsor,1,0,0,1,-83.0455283,42.288895
2021-10-21,2021-10-22,District School Board of Niagara,907677,Eden High School,St. Catharines,2,0,0,2,-79.2534486,43.1911704
2021-10-21,2021-10-22,District School Board of Niagara,228010,Grapeview Public School,St. Catharines,2,0,0,2,-79.2756727,43.1649026
2021-10-21,2021-10-22,District School Board of Niagara,294037,Harriet Tubman Public School,St. Catharines,3,0,0,3,-79.2484275,43.1683563
2021-10-21,2021-10-22,District School Board of Niagara,264237,Jeanne Sauve Public School,St. Catharines,3,0,0,3,-79.211192,43.1615816
2021-10-21,2021-10-22,District School Board of Niagara,001649,John Brant Public School,Fort Erie,1,0,0,1,-79.052423,42.8785612
2021-10-21,2021-10-22,District School Board of Niagara,287660,Kate S Durdan Public School,Niagara Falls,1,0,0,1,-79.1371258,43.0753367
2021-10-21,2021-10-22,District School Board of Niagara,456110,Prince Philip Public School,Niagara Falls,3,0,0,3,-79.1107772,43.126797
2021-10-21,2021-10-22,District School Board of Niagara,457540,Princess Elizabeth Public School,Welland,1,0,0,1,-79.2327276,42.9851193
2021-10-21,2021-10-22,District School Board of Niagara,602493,Westmount Public School,Thorold,2,0,0,2,-79.2115354,43.126163
2021-10-21,2021-10-22,District School Board Ontario North East,181552,Englehart Public School,Englehart,2,0,0,2,-79.8732961,47.821368
2021-10-21,2021-10-22,District School Board Ontario North East,347957,Joseph H Kennedy Public School,Black River-Matheson,1,0,0,1,-80.4635298,48.5356677
2021-10-21,2021-10-22,Dufferin-Peel Catholic District School Board,687308,Ascension of Our Lord Secondary School,Mississauga,1,0,0,1,-79.6535936,43.7228746
2021-10-21,2021-10-22,Dufferin-Peel Catholic District School Board,689556,Bishop Francis Allen Catholic School,Brampton,1,0,0,1,-79.746641,43.666423
2021-10-21,2021-10-22,Dufferin-Peel Catholic District School Board,682438,Bishop Scalabrini School,Mississauga,2,1,0,3,-79.6355212,43.5847609
2021-10-21,2021-10-22,Dufferin-Peel Catholic District School Board,B67083,Board Site,Mississauga,0,2,0,2,-79.6381925,43.5923146
2021-10-21,2021-10-22,Dufferin-Peel Catholic District School Board,850888,Cardinal Leger Secondary School,Brampton,3,0,0,3,-79.7511893,43.6840635
2021-10-21,2021-10-22,Dufferin-Peel Catholic District School Board,701807,Corpus Christi School,Mississauga,2,0,0,2,-79.652228,43.5849787
2021-10-21,2021-10-22,Dufferin-Peel Catholic District School Board,742821,Our Lady of Good Voyage Catholic School,Mississauga,1,0,0,1,-79.7111505,43.5917103
2021-10-21,2021-10-22,Dufferin-Peel Catholic District School Board,782606,Our Lady of Lourdes Catholic Elementary School,Brampton,1,0,0,1,-79.7476109,43.7915873
2021-10-21,2021-10-22,Dufferin-Peel Catholic District School Board,867942,Sacred Heart Separate School,Brampton,5,0,0,5,-79.798679,43.733368
2021-10-21,2021-10-22,Dufferin-Peel Catholic District School Board,772496,St Andrew School,Orangeville,1,0,0,1,-80.1171228,43.9189811
2021-10-21,2021-10-22,Dufferin-Peel Catholic District School Board,773530,St Anthony School,Brampton,7,0,0,7,-79.742484,43.7361711
2021-10-21,2021-10-22,Dufferin-Peel Catholic District School Board,775606,St Augustine Secondary School,Brampton,1,0,0,1,-79.7650458,43.658388
2021-10-21,2021-10-22,Dufferin-Peel Catholic District School Board,807712,St. Daniel Comboni Catholic Elementary School,Brampton,5,0,0,5,-79.8407884,43.6802611
2021-10-21,2021-10-22,Dufferin-Peel Catholic District School Board,789143,St Elizabeth Seton School,Mississauga,1,0,0,1,-79.7409926,43.5777058
2021-10-21,2021-10-22,Dufferin-Peel Catholic District School Board,792020,St Francis of Assisi School,Mississauga,2,0,0,2,-79.6720394,43.5266535
2021-10-21,2021-10-22,Dufferin-Peel Catholic District School Board,797316,St Herbert School,Mississauga,2,0,0,2,-79.6843927,43.5861148
2021-10-21,2021-10-22,Dufferin-Peel Catholic District School Board,798274,St Isaac Jogues Elementary School,Brampton,2,0,0,2,-79.7693062,43.7360391
2021-10-21,2021-10-22,Dufferin-Peel Catholic District School Board,801100,St Jerome Separate School,Mississauga,1,0,0,1,-79.6306476,43.5593798
2021-10-21,2021-10-22,Dufferin-Peel Catholic District School Board,801577,St John of the Cross School,Mississauga,1,0,0,1,-79.768314,43.5791559
2021-10-21,2021-10-22,Dufferin-Peel Catholic District School Board,806919,St Joseph Secondary School,Mississauga,1,0,0,1,-79.7000054,43.5897749
2021-10-21,2021-10-22,Dufferin-Peel Catholic District School Board,811041,St Joseph Separate School,Mississauga,0,3,0,3,-79.71044680000001,43.5810584
2021-10-21,2021-10-22,Dufferin-Peel Catholic District School Board,816396,St Jude School,Mississauga,1,0,0,1,-79.6521897,43.6133737
2021-10-21,2021-10-22,Dufferin-Peel Catholic District School Board,800007,St Julia Catholic Elementary School,Mississauga,3,1,0,4,-79.7236963,43.6203559
2021-10-21,2021-10-22,Dufferin-Peel Catholic District School Board,823090,St Mark Separate School,Mississauga,2,0,0,2,-79.6809847,43.5520203
2021-10-21,2021-10-22,Dufferin-Peel Catholic District School Board,841730,St Paul Secondary School,Mississauga,3,0,0,3,-79.5713738,43.5772561
2021-10-21,2021-10-22,Dufferin-Peel Catholic District School Board,847933,St Raphael School,Mississauga,0,1,0,1,-79.6459899,43.721205
2021-10-21,2021-10-22,Dufferin-Peel Catholic District School Board,848751,St Raymond Elementary School,Mississauga,0,1,0,1,-79.7016841,43.5950291
2021-10-21,2021-10-22,Dufferin-Peel Catholic District School Board,850071,St Rose of Lima Separate School,Mississauga,1,0,0,1,-79.698292,43.560826
2021-10-21,2021-10-22,Dufferin-Peel Catholic District School Board,850403,St Sofia School,Mississauga,2,0,0,2,-79.5961946,43.6220282
2021-10-21,2021-10-22,Dufferin-Peel Catholic District School Board,851000,St Stephen Separate School,Brampton,1,0,0,1,-79.815737,43.728333
2021-10-21,2021-10-22,Dufferin-Peel Catholic District School Board,852651,St Therese of the Child Jesus (Elementary) Separate School,Mississauga,0,1,0,1,-79.7772609,43.5796953
2021-10-21,2021-10-22,Dufferin-Peel Catholic District School Board,856207,St Thomas More School,Mississauga,3,0,0,3,-79.601875,43.6054109
2021-10-21,2021-10-22,Dufferin-Peel Catholic District School Board,856959,St Ursula Elementary School,Brampton,1,0,0,1,-79.8000595,43.6890999
2021-10-21,2021-10-22,Dufferin-Peel Catholic District School Board,858420,St Valentine Elementary School,Mississauga,2,0,0,2,-79.689689,43.60067
2021-10-21,2021-10-22,Dufferin-Peel Catholic District School Board,706418,Venerable Michael McGivney Catholic Elementary School,Brampton,1,0,0,1,-79.7683242,43.7526864
2021-10-21,2021-10-22,Durham Catholic District School Board,741310,Monsignor Paul Dwyer Catholic High School,Oshawa,2,0,0,2,-78.8928406,43.9115388
2021-10-21,2021-10-22,Durham Catholic District School Board,851764,St. Anne Catholic Elementary School,Oshawa,0,1,0,1,-78.8907008,43.9606805
2021-10-21,2021-10-22,Durham Catholic District School Board,789178,St Elizabeth Seton Catholic School,Pickering,1,0,0,1,-79.131253,43.826604
2021-10-21,2021-10-22,Durham Catholic District School Board,798258,St Isaac Jogues Catholic School,Pickering,2,0,0,2,-79.1008504,43.8447551
2021-10-21,2021-10-22,Durham Catholic District School Board,750435,St Kateri Tekakwitha Catholic School,Oshawa,1,0,0,1,-78.8404006,43.9465992
2021-10-21,2021-10-22,Durham Catholic District School Board,818844,St Leo Catholic School,Whitby,1,0,0,1,-78.9506386,43.9641716
2021-10-21,2021-10-22,Durham Catholic District School Board,733040,St Teresa of Calcutta Catholic School,Ajax,4,0,0,4,-79.030049,43.8760199
2021-10-21,2021-10-22,Durham Catholic District School Board,858960,St Wilfrid Catholic School,Pickering,2,0,0,2,-79.0805781,43.8651276
2021-10-21,2021-10-22,Durham District School Board,890855,Ajax High School,Ajax,2,0,0,2,-79.0139556,43.8442251
2021-10-21,2021-10-22,Durham District School Board,009008,Alexander Graham Bell Public School,Ajax,2,0,0,2,-79.05652,43.869596
2021-10-21,2021-10-22,Durham District School Board,094587,Cartwright Central Public School,Scugog,0,1,0,1,-78.82258879999999,44.1123574
2021-10-21,2021-10-22,Durham District School Board,438276,da Vinci Public School Public School,Ajax,1,0,0,1,-79.029814,43.8928722
2021-10-21,2021-10-22,Durham District School Board,904392,Donald A Wilson Secondary School,Whitby,1,0,0,1,-78.9644225,43.8930164
2021-10-21,2021-10-22,Durham District School Board,165514,Eagle Ridge Public School,Ajax,3,1,0,4,-79.0663469,43.863069
2021-10-21,2021-10-22,Durham District School Board,218103,Glen Street Public School,Oshawa,1,0,0,1,-78.854314,43.872228
2021-10-21,2021-10-22,Durham District School Board,559271,Jeanne Sauvé Public School,Oshawa,1,0,0,1,-78.8563561,43.9456171
2021-10-21,2021-10-22,Durham District School Board,356271,Meadowcrest Public School,Whitby,4,0,0,4,-78.9650988,43.9583179
2021-10-21,2021-10-22,Durham District School Board,580847,Michaëlle Jean Public School,Ajax,1,0,0,1,-79.024465,43.8960854
2021-10-21,2021-10-22,Durham District School Board,458830,Pringle Creek Public School,Whitby,1,0,0,1,-78.9294052,43.8926544
2021-10-21,2021-10-22,Durham District School Board,336001,Robert Munsch Public School,Whitby,1,0,0,1,-78.9629888,43.9228426
2021-10-21,2021-10-22,Durham District School Board,531049,Sherwood Public School,Oshawa,1,0,0,1,-78.863364,43.942723
2021-10-21,2021-10-22,Durham District School Board,092886,Vimy Ridge Public School,Ajax,2,0,0,2,-79.0493557,43.8785176
2021-10-21,2021-10-22,Durham District School Board,610704,William Dunbar Public School,Pickering,2,0,0,2,-79.105942,43.837622
2021-10-21,2021-10-22,Durham District School Board,525960,Williamsburg Public School,Whitby,0,1,0,1,-78.9765421,43.9058263
2021-10-21,2021-10-22,Grand Erie District School Board,403466,Boston Public School,Norfolk County,0,1,0,1,-80.2710336,42.9911608
2021-10-21,2021-10-22,Grand Erie District School Board,468064,Cobblestone Elementary School,Brant,1,0,0,1,-80.3947353,43.1793655
2021-10-21,2021-10-22,Grand Erie District School Board,220035,Glen Morris Central Public School,Brant,1,0,0,1,-80.3441697,43.27312999999999
2021-10-21,2021-10-22,Grand Erie District School Board,097314,Langton Public School,Norfolk County,2,0,0,2,-80.5820035,42.7396339
2021-10-21,2021-10-22,Grand Erie District School Board,898007,McKinnon Park Secondary School,Haldimand County,1,2,0,3,-79.9529099,43.0628891
2021-10-21,2021-10-22,Grand Erie District School Board,930245,North Park Collegiate and Vocational School,Brantford,1,0,0,1,-80.2630083,43.1688438
2021-10-21,2021-10-22,Grand Erie District School Board,521760,St George-German Public School,Brant,8,0,0,8,-80.257624,43.2442556
2021-10-21,2021-10-22,Grand Erie District School Board,153931,Thompson Creek Elementary School,Haldimand County,1,0,0,1,-79.6309985,42.9138639
2021-10-21,2021-10-22,Greater Essex County District School Board,041297,Belle River Public School,Lakeshore,1,0,0,1,-82.7005795,42.2894422
2021-10-21,2021-10-22,Greater Essex County District School Board,B66028,Board Site,Windsor,0,1,0,1,-83.0430984,42.314735400000004
2021-10-21,2021-10-22,Greater Essex County District School Board,095885,Central Public School,Windsor,1,0,0,1,-83.017779,42.2676118
2021-10-21,2021-10-22,Greater Essex County District School Board,091073,Colchester North Public School,Essex,3,0,0,3,-82.875401,42.1350696
2021-10-21,2021-10-22,Greater Essex County District School Board,362379,East Mersea Public School,Leamington,2,0,0,2,-82.4898275,42.0863855
2021-10-21,2021-10-22,Greater Essex County District School Board,334012,Essex Public School,Essex,1,0,0,1,-82.8139888,42.1733126
2021-10-21,2021-10-22,Greater Essex County District School Board,034361,Giles Campus French Immersion Public School,Windsor,3,0,0,3,-83.0200538,42.3108007
2021-10-21,2021-10-22,Greater Essex County District School Board,917249,Hon W C Kennedy Collegiate Institute,Windsor,1,0,0,1,-83.0208807,42.2958592
2021-10-21,2021-10-22,Greater Essex County District School Board,922188,Leamington District Secondary School,Leamington,5,0,0,5,-82.6093978,42.0464973
2021-10-21,2021-10-22,Greater Essex County District School Board,343536,Marlborough Public School,Windsor,4,1,0,5,-83.0646926,42.2897379
2021-10-21,2021-10-22,Greater Essex County District School Board,376035,Mount Carmel Blytheswood Public School,Leamington,5,0,0,5,-82.6005117,42.0840423
2021-10-21,2021-10-22,Greater Essex County District School Board,411787,Northwood Public School,Windsor,3,0,0,3,-83.0303449,42.2780614
2021-10-21,2021-10-22,Greater Essex County District School Board,574155,Queen Victoria Public School,Windsor,2,0,0,2,-83.0308744,42.3021394
2021-10-21,2021-10-22,Greater Essex County District School Board,491764,Roseville Public School,Windsor,0,1,0,1,-82.9468754,42.3067331
2021-10-21,2021-10-22,Greater Essex County District School Board,539427,Tecumseh Vista Academy - Elementary,Tecumseh,2,0,0,2,-82.8923367,42.280965
2021-10-21,2021-10-22,Greater Essex County District School Board,147362,West Gate Public School,Windsor,3,0,0,3,-83.0508847,42.2976411
2021-10-21,2021-10-22,Greater Essex County District School Board,607541,William G Davis Public School,Windsor,1,0,0,1,-82.9537686,42.2985721
2021-10-21,2021-10-22,Halton Catholic District School Board,688231,Assumption Catholic Secondary School,Burlington,1,0,0,1,-79.7843913,43.3485065
2021-10-21,2021-10-22,Halton Catholic District School Board,738271,Notre Dame Catholic Secondary School,Burlington,1,0,0,1,-79.8307662,43.3779168
2021-10-21,2021-10-22,Halton Catholic District School Board,734373,Our Lady of Victory Catholic Elementary School,Milton,1,0,0,1,-79.8673962,43.5036998
2021-10-21,2021-10-22,Halton Catholic District School Board,681054,St. Benedict Catholic Elementary School,Milton,3,0,0,3,-79.866675,43.495424
2021-10-21,2021-10-22,Halton Catholic District School Board,848484,St. Raphael Catholic Elementary School,Burlington,1,0,0,1,-79.7672143,43.3542072
2021-10-21,2021-10-22,Halton District School Board,251664,Anne J. MacArthur Public School,Milton,5,0,0,5,-79.8612285,43.4961828
2021-10-21,2021-10-22,Halton District School Board,967740,Craig Kielburger Secondary School,Milton,1,0,0,1,-79.8274505,43.5144805
2021-10-21,2021-10-22,Halton District School Board,121112,Escarpment View Public School,Milton,1,0,0,1,-79.881308,43.4975701
2021-10-21,2021-10-22,Halton District School Board,169110,E W Foster School,Milton,0,1,0,1,-79.8617592,43.5199348
2021-10-21,2021-10-22,Halton District School Board,474578,Forest Trail Public School (Elementary),Oakville,1,0,0,1,-79.7531779,43.4509385
2021-10-21,2021-10-22,Halton District School Board,901439,Garth Webb Secondary School,Oakville,1,0,0,1,-79.7545327,43.4343563
2021-10-21,2021-10-22,Halton District School Board,111600,Hawthorne Village Public School,Milton,3,0,0,3,-79.838123,43.513921
2021-10-21,2021-10-22,Halton District School Board,408543,Joshua Creek Public School,Oakville,2,0,0,2,-79.6978017,43.4993301
2021-10-21,2021-10-22,Halton District School Board,076727,Oodenawi Public School,Oakville,3,0,0,3,-79.7439392,43.4715626
2021-10-21,2021-10-22,Halton District School Board,557269,Tom Thomson Public School,Burlington,1,0,0,1,-79.8045466,43.3385159
2021-10-21,2021-10-22,Hamilton-Wentworth Catholic District School Board,689750,Bishop Ryan Catholic Secondary School,Hamilton,5,0,0,5,-79.8161113,43.1815084
2021-10-21,2021-10-22,Hamilton-Wentworth Catholic District School Board,689386,Bishop Tonnos Catholic Secondary School,Hamilton,1,0,0,1,-79.995422,43.202035
2021-10-21,2021-10-22,Hamilton-Wentworth Catholic District School Board,695343,Cathedral High School,Hamilton,2,0,0,2,-79.8480864,43.253486
2021-10-21,2021-10-22,Hamilton-Wentworth Catholic District School Board,717053,Holy Name of Jesus Catholic Elementary School,Hamilton,0,1,0,1,-79.822758,43.249557
2021-10-21,2021-10-22,Hamilton-Wentworth Catholic District School Board,765180,St. Agnes Catholic Elementary School,Hamilton,2,0,0,2,-79.745858,43.229771
2021-10-21,2021-10-22,Hamilton-Wentworth Catholic District School Board,792217,St. Francis Xavier Catholic Elementary School,Hamilton,3,0,0,3,-79.7321668,43.2200665
2021-10-21,2021-10-22,Hamilton-Wentworth Catholic District School Board,800430,St. Jean de Brebeuf Catholic Secondary School,Hamilton,2,0,0,2,-79.8641859,43.200908
2021-10-21,2021-10-22,Hamilton-Wentworth Catholic District School Board,694134,St. John Henry Newman Catholic Secondary School,Hamilton,3,0,0,3,-79.745483,43.2220532
2021-10-21,2021-10-22,Hamilton-Wentworth Catholic District School Board,804673,St. John the Baptist Catholic Elementary School,Hamilton,1,0,0,1,-79.8194555,43.2389442
2021-10-21,2021-10-22,Hamilton-Wentworth Catholic District School Board,866725,St. Kateri Tekakwitha Catholic Elementary School,Hamilton,2,0,0,2,-79.8409663,43.2014851
2021-10-21,2021-10-22,Hamilton-Wentworth Catholic District School Board,817678,St. Lawrence Catholic Elementary School,Hamilton,0,4,0,4,-79.8594089,43.2696023
2021-10-21,2021-10-22,Hamilton-Wentworth Catholic District School Board,820652,St. Luke Catholic Elementary School,Hamilton,3,0,0,3,-79.7953487,43.2183757
2021-10-21,2021-10-22,Hamilton-Wentworth Catholic District School Board,745279,St. Matthew Catholic Elementary School,Hamilton,4,0,0,4,-79.8141562,43.1172227
2021-10-21,2021-10-22,Hamilton-Wentworth Catholic District School Board,842389,St. Paul Catholic Elementary School,Hamilton,1,0,0,1,-79.7966635,43.199571
2021-10-21,2021-10-22,Hamilton-Wentworth Catholic District School Board,773786,St. Thérèse of Lisieux Catholic Elementary School,Hamilton,1,0,0,1,-79.9145776,43.2050395
2021-10-21,2021-10-22,Hamilton-Wentworth Catholic District School Board,855685,St. Thomas More Catholic Secondary School,Hamilton,1,0,0,1,-79.9193025,43.2136953
2021-10-21,2021-10-22,Hamilton-Wentworth District School Board,041980,Billy Green Elementary School,Hamilton,1,0,0,1,-79.7951609,43.201357
2021-10-21,2021-10-22,Hamilton-Wentworth District School Board,163481,Eastdale Public School,Hamilton,11,0,0,11,-79.7342637,43.227356
2021-10-21,2021-10-22,Hamilton-Wentworth District School Board,114477,Gatestone Elementary Public School,Hamilton,2,0,0,2,-79.7888251,43.1814788
2021-10-21,2021-10-22,Hamilton-Wentworth District School Board,261378,Holbrook Junior Public School,Hamilton,7,0,0,7,-79.913848,43.2374011
2021-10-21,2021-10-22,Hamilton-Wentworth District School Board,273201,Huntington Park Junior Public School,Hamilton,1,0,0,1,-79.8269629,43.2206471
2021-10-21,2021-10-22,Hamilton-Wentworth District School Board,313173,Lincoln Alexander Public School,Hamilton,1,0,0,1,-79.852088,43.2057187
2021-10-21,2021-10-22,Hamilton-Wentworth District School Board,361739,Memorial Public School,Hamilton,4,0,0,4,-79.8204039,43.2431971
2021-10-21,2021-10-22,Hamilton-Wentworth District School Board,375900,Mount Albion Public School,Hamilton,2,0,0,2,-79.7911134,43.1893768
2021-10-21,2021-10-22,Hamilton-Wentworth District School Board,894432,Nora Henderson,Hamilton,9,0,0,9,-79.8664326,43.1910451
2021-10-21,2021-10-22,Hamilton-Wentworth District School Board,932507,Orchard Park Secondary School,Hamilton,3,0,0,3,-79.711475,43.2182862
2021-10-21,2021-10-22,Hamilton-Wentworth District School Board,437557,Pauline Johnson Public School,Hamilton,1,0,0,1,-79.8707786,43.2197657
2021-10-21,2021-10-22,Hamilton-Wentworth District School Board,466387,Queensdale School,Hamilton,1,0,0,1,-79.8728509,43.2417006
2021-10-21,2021-10-22,Hamilton-Wentworth District School Board,939730,Saltfleet High School,Hamilton,1,0,0,1,-79.7785359,43.1841265
2021-10-21,2021-10-22,Hamilton-Wentworth District School Board,483142,Shannen Koostachin Elementary School Elementary Public School,Hamilton,7,0,0,7,-79.8025354,43.1766325
2021-10-21,2021-10-22,Hamilton-Wentworth District School Board,516244,Sir Wilfrid Laurier Public School,Hamilton,5,0,0,5,-79.7880294,43.2177169
2021-10-21,2021-10-22,Hamilton-Wentworth District School Board,942448,Sir Winston Churchill Secondary School,Hamilton,2,0,0,2,-79.7951766,43.2375797
2021-10-21,2021-10-22,Hamilton-Wentworth District School Board,548022,Tapleytown Public School,Hamilton,1,0,0,1,-79.7330207,43.1810331
2021-10-21,2021-10-22,Hamilton-Wentworth District School Board,603538,Westwood Junior Public School,Hamilton,1,0,0,1,-79.893357,43.2278442
2021-10-21,2021-10-22,Hamilton-Wentworth District School Board,615498,Winona Elementary Elementary School,Hamilton,0,1,0,1,-79.6604681,43.2135056
2021-10-21,2021-10-22,Hastings & Prince Edward District School Board,927252,Eastside Secondary School,Belleville,1,0,0,1,-77.3520177,44.175491
2021-10-21,2021-10-22,Hastings & Prince Edward District School Board,478084,Stirling Public School,Stirling-Rawdon,1,0,0,1,-77.5536429,44.293575
2021-10-21,2021-10-22,Hastings & Prince Edward District School Board,564133,Tyendinaga Public School,Tyendinaga,5,0,0,5,-77.2446002,44.2251686
2021-10-21,2021-10-22,Hastings & Prince Edward District School Board,568821,V P Carswell Public School,Quinte West,3,0,0,3,-77.5743186,44.121988
2021-10-21,2021-10-22,Huron Perth Catholic District School Board,771686,St Anne's Catholic School,Central Huron,1,0,0,1,-81.528408,43.613876
2021-10-21,2021-10-22,Huron Perth Catholic District School Board,832545,St Michael Catholic Secondary School,Stratford,0,1,0,1,-80.9953306,43.3862998
2021-10-21,2021-10-22,Kawartha Pine Ridge District School Board,402908,Lakefield District Public School,Selwyn,1,0,0,1,-78.2788378,44.4197663
2021-10-21,2021-10-22,Kawartha Pine Ridge District School Board,931543,Norwood District High School,Asphodel-Norwood,1,0,0,1,-77.9738237,44.3828339
2021-10-21,2021-10-22,Kawartha Pine Ridge District School Board,412180,Norwood District Intermediate School,Asphodel-Norwood,1,0,0,1,-77.9738237,44.3828339
2021-10-21,2021-10-22,Kawartha Pine Ridge District School Board,489298,Roger Neilson Public School,Peterborough,1,0,0,1,-78.331573,44.274296
2021-10-21,2021-10-22,Lambton Kent District School Board,063517,Bright's Grove Public School,Sarnia,1,0,0,1,-82.263302,43.0307096
2021-10-21,2021-10-22,Lambton Kent District School Board,088609,Cathcart Boulevard Public School,Sarnia,1,0,0,1,-82.362965,43.010485
2021-10-21,2021-10-22,Lambton Kent District School Board,919322,Chatham-Kent Secondary School,Chatham-Kent,3,0,0,3,-82.1917222,42.4218065
2021-10-21,2021-10-22,Lambton Kent District School Board,120715,Confederation Central School,Sarnia,2,0,0,2,-82.2702551,42.9581893
2021-10-21,2021-10-22,Lambton Kent District School Board,148660,Dresden Area Central School,Chatham-Kent,1,0,0,1,-82.179132,42.5853104
2021-10-21,2021-10-22,Lambton Kent District School Board,890861,Great Lakes Secondary School,Sarnia,1,0,0,1,-82.3661941,42.9667003
2021-10-21,2021-10-22,Lambton Kent District School Board,918938,John McGregor Secondary School,Chatham-Kent,1,0,0,1,-82.1749834,42.3834533
2021-10-21,2021-10-22,Lambton Kent District School Board,308307,Lansdowne Public School,Sarnia,2,0,0,2,-82.3710714,42.9646244
2021-10-21,2021-10-22,Lambton Kent District School Board,319872,London Road School,Sarnia,1,0,0,1,-82.3996755,42.979433
2021-10-21,2021-10-22,Lambton Kent District School Board,356026,McNaughton Ave Public School,Chatham-Kent,1,0,0,1,-82.181315,42.426694
2021-10-21,2021-10-22,Lambton Kent District School Board,361895,Merlin Area Public School,Chatham-Kent,1,0,0,1,-82.2380665,42.2452975
2021-10-21,2021-10-22,Lambton Kent District School Board,462870,Queen Elizabeth II P Public School,Petrolia,2,1,0,3,-82.1530992,42.8850309
2021-10-21,2021-10-22,Lambton Kent District School Board,516074,Sir John Moore Community School,St. Clair,2,0,0,2,-82.4458523,42.8775128
2021-10-21,2021-10-22,Lambton Kent District School Board,615757,Winston Churchill Public School,Chatham-Kent,1,0,0,1,-82.197813300000007,42.3956618
2021-10-21,2021-10-22,Limestone District School Board,514721,John Graves Simcoe Public School,Kingston,2,0,0,2,-76.4895908,44.2598768
2021-10-21,2021-10-22,Limestone District School Board,924130,Loyalist Collegiate and Vocational Institute,Kingston,1,0,0,1,-76.5212508,44.2385713
2021-10-21,2021-10-22,Limestone District School Board,384615,Newburgh Public School,Stone Mills,1,0,0,1,-76.8746913,44.3282879
2021-10-21,2021-10-22,Limestone District School Board,946494,Sydenham High School,South Frontenac,0,6,0,6,-76.5950383,44.4072641
2021-10-21,2021-10-22,London District Catholic School Board,695734,Catholic Central High School,London,2,0,0,2,-81.23921,42.9870502
2021-10-21,2021-10-22,London District Catholic School Board,745138,Our Lady of Lourdes Separate School,Middlesex Centre,1,0,0,1,-81.4097213,42.9109497
2021-10-21,2021-10-22,London District Catholic School Board,762814,Sir Arthur Carty Separate School,London,1,0,0,1,-81.2388911,42.9377151
2021-10-21,2021-10-22,London District Catholic School Board,772615,St Anthony Catholic French Immersion School,London,1,0,0,1,-81.2352,42.9313999
2021-10-21,2021-10-22,London District Catholic School Board,790583,St Francis School,London,3,0,0,3,-81.208300500000007,42.9438031
2021-10-21,2021-10-22,London District Catholic School Board,857840,St Vincent de Paul Separate School,Strathroy-Caradoc,1,0,0,1,-81.62075039999999,42.94591519999999
2021-10-21,2021-10-22,Near North District School Board,505820,Mapleridge Public School,Powassan,1,0,0,1,-79.3625399,46.0792684
2021-10-21,2021-10-22,Near North District School Board,536326,White Woods Public School,West Nipissing,1,0,0,1,-79.9186375,46.3742722
2021-10-21,2021-10-22,Niagara Catholic District School Board,690791,Blessed Trinity Catholic Secondary School,Grimsby,1,0,0,1,-79.58045,43.197054
2021-10-21,2021-10-22,Niagara Catholic District School Board,740195,Notre Dame College School,Welland,1,0,0,1,-79.247128,43.0003974
2021-10-21,2021-10-22,Niagara Catholic District School Board,758264,Sacred Heart Catholic Elementary School,Niagara Falls,1,0,0,1,-79.052667,43.054549
2021-10-21,2021-10-22,Niagara Catholic District School Board,761710,Saint Paul Catholic High School,Niagara Falls,2,0,0,2,-79.109976,43.11737
2021-10-21,2021-10-22,Northeastern Catholic District School Board,716537,Holy Family School,Englehart,2,0,0,2,-79.8762054,47.8213386
2021-10-21,2021-10-22,Northeastern Catholic District School Board,800902,St Jerome School,Kirkland Lake,1,0,0,1,-80.0377273,48.140274
2021-10-21,2021-10-22,Ottawa-Carleton District School Board,320510,Adrienne Clarkson Elementary School,Ottawa,1,0,0,1,-75.7167239,45.2887078
2021-10-21,2021-10-22,Ottawa-Carleton District School Board,947210,Adult High School,Ottawa,1,1,0,2,-75.7096093,45.4045427
2021-10-21,2021-10-22,Ottawa-Carleton District School Board,036340,Bayshore Public School,Ottawa,3,0,0,3,-75.8108583,45.3494637
2021-10-21,2021-10-22,Ottawa-Carleton District School Board,036862,Bayview Public School,Ottawa,1,0,0,1,-75.665692,45.3551918
2021-10-21,2021-10-22,Ottawa-Carleton District School Board,040665,Berrigan Elementary School,Ottawa,5,1,0,6,-75.7380371,45.2802054
2021-10-21,2021-10-22,Ottawa-Carleton District School Board,B66184,Board Site,Ottawa,0,2,0,2,-75.688641,45.427079
2021-10-21,2021-10-22,Ottawa-Carleton District School Board,896705,Brookfield High School,Ottawa,1,0,0,1,-75.6851934,45.3726213
2021-10-21,2021-10-22,Ottawa-Carleton District School Board,383252,Cedarview Middle School,Ottawa,1,0,0,1,-75.779496,45.277114
2021-10-21,2021-10-22,Ottawa-Carleton District School Board,282953,Chapman Mills Elementary School,Ottawa,6,0,0,6,-75.7311576,45.2689701
2021-10-21,2021-10-22,Ottawa-Carleton District School Board,131504,D. Roy Kennedy Public School,Ottawa,5,0,0,5,-75.7695815,45.3651687
2021-10-21,2021-10-22,Ottawa-Carleton District School Board,151416,Dunning-Foubert Elementary School,Ottawa,1,0,0,1,-75.4986105,45.4670426
2021-10-21,2021-10-22,Ottawa-Carleton District School Board,193640,Featherston Drive Public School,Ottawa,1,0,0,1,-75.6459833,45.3837057
2021-10-21,2021-10-22,Ottawa-Carleton District School Board,196266,Fielding Drive Public School,Ottawa,8,0,0,8,-75.6777275,45.3618454
2021-10-21,2021-10-22,Ottawa-Carleton District School Board,252875,Henry Munro Middle School,Ottawa,1,0,0,1,-75.5966324,45.4578974
2021-10-21,2021-10-22,Ottawa-Carleton District School Board,916854,Hillcrest High School,Ottawa,2,0,0,2,-75.6392846,45.3986848
2021-10-21,2021-10-22,Ottawa-Carleton District School Board,287202,Jack Donohue Public School,Ottawa,4,0,0,4,-75.9419628,45.3537678
2021-10-21,2021-10-22,Ottawa-Carleton District School Board,286168,Jockvale Elementary School,Ottawa,2,0,0,2,-75.7600088,45.2795137
2021-10-21,2021-10-22,Ottawa-Carleton District School Board,285455,John Young Elementary School,Ottawa,3,0,0,3,-75.8841924,45.2894091
2021-10-21,2021-10-22,Ottawa-Carleton District School Board,287563,Kars on the Rideau Public School,Ottawa,1,1,0,2,-75.6500625,45.1521269
2021-10-21,2021-10-22,Ottawa-Carleton District School Board,516694,Sir Winston Churchill Public School,Ottawa,1,0,0,1,-75.7283478,45.3542658
2021-10-21,2021-10-22,Ottawa-Carleton District School Board,537624,Stittsville Public School,Ottawa,1,0,0,1,-75.9082974,45.2713039
2021-10-21,2021-10-22,Ottawa-Carleton District School Board,595012,Stonecrest Elementary School,Ottawa,6,0,0,6,-76.1148554,45.4359842
2021-10-21,2021-10-22,Ottawa-Carleton District School Board,619523,Woodroffe Avenue Public School,Ottawa,2,0,0,2,-75.7724404,45.3739311
2021-10-21,2021-10-22,Ottawa Catholic School Board,688193,Assumption Catholic Elementary School,Ottawa,2,0,0,2,-75.660692,45.43492
2021-10-21,2021-10-22,Ottawa Catholic School Board,691100,Dr F J McDonald Catholic Elementary School,Ottawa,8,0,0,8,-75.8012629,45.3602074
2021-10-21,2021-10-22,Ottawa Catholic School Board,711497,Holy Redeemer Elementary School,Ottawa,1,0,0,1,-75.9006999,45.3033767
2021-10-21,2021-10-22,Ottawa Catholic School Board,724734,Holy Trinity Catholic Intermediate School,Ottawa,1,0,0,1,-75.9012784,45.3082646
2021-10-21,2021-10-22,Ottawa Catholic School Board,780774,St Brigid Elementary School,Ottawa,1,0,0,1,-75.6784128,45.4458622
2021-10-21,2021-10-22,Ottawa Catholic School Board,702385,St. Dominic Catholic Elementary School,Ottawa,2,0,0,2,-75.469594,45.4508691
2021-10-21,2021-10-22,Ottawa Catholic School Board,688738,St Elizabeth Ann Seton Elementary School,Ottawa,4,0,0,4,-75.7692947,45.270977
2021-10-21,2021-10-22,Ottawa Catholic School Board,764914,St Joseph High School,Ottawa,2,0,0,2,-75.7412132,45.2629866
2021-10-21,2021-10-22,Ottawa Catholic School Board,708267,St Martin de Porres Elementary School,Ottawa,1,0,0,1,-75.8846815,45.2926067
2021-10-21,2021-10-22,Ottawa Catholic School Board,833010,St Michael Elementary School,Ottawa,1,0,0,1,-75.648557,45.4285177
2021-10-21,2021-10-22,Ottawa Catholic School Board,835617,St Monica Elementary School,Ottawa,5,0,0,5,-75.7178819,45.3226541
2021-10-21,2021-10-22,Ottawa Catholic School Board,702250,St Theresa Elementary School,Ottawa,1,0,0,1,-75.4670982,45.463667
2021-10-21,2021-10-22,Ottawa Catholic School Board,856118,St Thomas More Elementary School,Ottawa,1,0,0,1,-75.6062886,45.3750497
2021-10-21,2021-10-22,Peel District School Board,250350,Brian W. Fleming Public School,Mississauga,1,0,0,1,-79.587104,43.6181145
2021-10-21,2021-10-22,Peel District School Board,061107,Briarwood Public School,Mississauga,2,0,0,2,-79.6198499,43.6024038
2021-10-21,2021-10-22,Peel District School Board,198811,Brisdale Public School,Brampton,3,0,0,3,-79.8367637,43.6983442
2021-10-21,2021-10-22,Peel District School Board,071781,Burnt Elm Public School,Brampton,1,0,0,1,-79.8180994,43.718641
2021-10-21,2021-10-22,Peel District School Board,027655,Carberry Public School,Brampton,2,0,0,2,-79.7744862,43.7566244
2021-10-21,2021-10-22,Peel District School Board,899003,Cawthra Park Secondary School,Mississauga,1,0,0,1,-79.5734938,43.5763613
2021-10-21,2021-10-22,Peel District School Board,899828,Central Peel Secondary School,Brampton,1,0,0,1,-79.7512863,43.6982204
2021-10-21,2021-10-22,Peel District School Board,089028,Cherrytree Public School,Brampton,1,0,0,1,-79.7248307,43.6540895
2021-10-21,2021-10-22,Peel District School Board,122815,Cooksville Creek Public School,Mississauga,1,0,0,1,-79.6588563,43.6072588
2021-10-21,2021-10-22,Peel District School Board,134198,David Leeder Middle School,Mississauga,1,0,0,1,-79.7230046,43.62733
2021-10-21,2021-10-22,Peel District School Board,141070,Dolphin Senior Public School,Mississauga,1,0,0,1,-79.7220789,43.5852457
2021-10-21,2021-10-22,Peel District School Board,186040,Dolson Public School,Brampton,2,0,0,2,-79.8518005,43.6952511
2021-10-21,2021-10-22,Peel District School Board,158313,Earnscliffe Senior Public School,Brampton,1,0,0,1,-79.7046395,43.7231654
2021-10-21,2021-10-22,Peel District School Board,426375,Eldorado P.S. (Elementary),Brampton,3,0,0,3,-79.7795325,43.6346526
2021-10-21,2021-10-22,Peel District School Board,909092,Erindale Secondary School,Mississauga,1,0,0,1,-79.6665244,43.5389376
2021-10-21,2021-10-22,Peel District School Board,199125,Fletcher's Creek Senior Public School,Brampton,2,0,0,2,-79.7304039,43.6584014
2021-10-21,2021-10-22,Peel District School Board,199362,Floradale Public School,Mississauga,2,0,0,2,-79.6153803,43.5716572
2021-10-21,2021-10-22,Peel District School Board,218731,Glendale Public School,Brampton,1,0,0,1,-79.7766734,43.6875565
2021-10-21,2021-10-22,Peel District School Board,217387,Glenhaven Senior Public School,Mississauga,1,0,0,1,-79.5974451,43.6223125
2021-10-21,2021-10-22,Peel District School Board,236845,Hazel McCallion Senior Public School,Mississauga,1,0,0,1,-79.7090808,43.5891109
2021-10-21,2021-10-22,Peel District School Board,917559,Humberview Secondary School,Caledon,1,0,0,1,-79.73659,43.8879863
2021-10-21,2021-10-22,Peel District School Board,935244,Jean Augustine Secondary School,Brampton,1,0,0,1,-79.8265634,43.6679015
2021-10-21,2021-10-22,Peel District School Board,918830,John Fraser Secondary School,Mississauga,2,0,0,2,-79.7165493,43.5601414
2021-10-21,2021-10-22,Peel District School Board,297682,Kingswood Drive Public School,Brampton,0,1,0,1,-79.765954,43.7024507
2021-10-21,2021-10-22,Peel District School Board,308455,Larkspur Public School,Brampton,1,0,0,1,-79.7492743,43.7544782
2021-10-21,2021-10-22,Peel District School Board,328324,Macville Public School,Caledon,1,0,0,1,-79.78726,43.8557249
2021-10-21,2021-10-22,Peel District School Board,197410,Malala Yousafzai PS (Elementary),Caledon,0,1,0,1,-79.8620422,43.70067239999999
2021-10-21,2021-10-22,Peel District School Board,329215,Massey Street Public School,Brampton,1,0,0,1,-79.7471891,43.7378734
2021-10-21,2021-10-22,Peel District School Board,444522,McClure PS (Elementary),Brampton,1,0,0,1,-79.7929229,43.6710395
2021-10-21,2021-10-22,Peel District School Board,329690,McCrimmon Middle School,Brampton,1,0,0,1,-79.827132,43.690711
2021-10-21,2021-10-22,Peel District School Board,364150,Middlebury Public School,Mississauga,3,0,0,3,-79.7220966,43.5654549
2021-10-21,2021-10-22,Peel District School Board,365246,Miller's Grove School,Mississauga,2,0,0,2,-79.7555335,43.5726644
2021-10-21,2021-10-22,Peel District School Board,925535,Mississauga Secondary School,Mississauga,0,1,0,1,-79.7036591,43.6253052
2021-10-21,2021-10-22,Peel District School Board,372480,Morning Star Middle School,Mississauga,1,0,0,1,-79.6483007,43.7140448
2021-10-21,2021-10-22,Peel District School Board,930660,North Park Secondary School,Brampton,2,0,0,2,-79.748488,43.7204531
2021-10-21,2021-10-22,Peel District School Board,414395,Oakridge Public School,Mississauga,1,0,0,1,-79.6333765,43.540865
2021-10-21,2021-10-22,Peel District School Board,935832,Port Credit Secondary School,Mississauga,1,0,0,1,-79.5883373,43.5626118
2021-10-21,2021-10-22,Peel District School Board,493318,Ross Drive P.S. (Elementary),Brampton,1,0,0,1,-79.7839832,43.7510838
2021-10-21,2021-10-22,Peel District School Board,031851,SouthFields Village (Elementary),Caledon,1,0,0,1,-79.8246405,43.7576093
2021-10-21,2021-10-22,Peel District School Board,528137,Springfield Public School,Mississauga,1,0,0,1,-79.654087,43.55756
2021-10-21,2021-10-22,Peel District School Board,945978,Streetsville Secondary School,Mississauga,1,0,0,1,-79.7195284,43.5796875
2021-10-21,2021-10-22,Peel District School Board,550620,Tecumseh Public School,Mississauga,2,1,0,3,-79.6128857,43.5468895
2021-10-21,2021-10-22,Peel District School Board,552887,Thornwood Public School,Mississauga,1,0,0,1,-79.6205548,43.58881
2021-10-21,2021-10-22,Peel District School Board,067723,Tribune Drive Public School,Brampton,3,0,0,3,-79.8394845,43.6907681
2021-10-21,2021-10-22,Peel District School Board,107284,Walnut Grove P.S. (Elementary),Brampton,4,0,0,4,-79.6950462,43.7789685
2021-10-21,2021-10-22,Peel District School Board,951404,West Credit Secondary School,Mississauga,3,0,0,3,-79.7466982,43.5858874
2021-10-21,2021-10-22,Peel District School Board,604780,Whitehorn Public School,Mississauga,2,0,0,2,-79.7028574,43.5962601
2021-10-21,2021-10-22,Peel District School Board,505790,William G. Davis Senior Public School,Brampton,2,0,0,2,-79.7324676,43.6709443
2021-10-21,2021-10-22,Peel District School Board,614238,Williams Parkway Senior Public School,Brampton,2,0,0,2,-79.7331055,43.7307281
2021-10-21,2021-10-22,Peterborough Victoria Northum Clarington Catholic District School Board,771783,St. Anne Catholic Elementary School,Peterborough,2,0,0,2,-78.3273843,44.3213262
2021-10-21,2021-10-22,Peterborough Victoria Northum Clarington Catholic District School Board,830410,St. Mary Catholic Secondary School,Cobourg,1,0,0,1,-78.1690825,43.9828895
2021-10-21,2021-10-22,Peterborough Victoria Northum Clarington Catholic District School Board,841498,St. Paul Catholic Elementary School,Asphodel-Norwood,3,0,0,3,-77.98263,44.3779966
2021-10-21,2021-10-22,Peterborough Victoria Northum Clarington Catholic District School Board,842893,St. Paul Catholic Elementary School,Selwyn,3,0,0,3,-78.2724397,44.4186626
2021-10-21,2021-10-22,Rainbow District School Board,011550,Algonquin Road Public School,Greater Sudbury,0,1,0,1,-80.9950594,46.4365811
2021-10-21,2021-10-22,Rainbow District School Board,107719,Churchill Public School,Greater Sudbury,2,0,0,2,-80.9347581,46.5187759
2021-10-21,2021-10-22,Rainbow District School Board,308439,Lansdowne Public School,Greater Sudbury,5,0,0,5,-81.0030034,46.4969615
2021-10-21,2021-10-22,Rainbow District School Board,359529,Lasalle Elementary,Greater Sudbury,1,0,0,1,-80.939672,46.524667
2021-10-21,2021-10-22,Rainbow District School Board,479403,Redwood Acres Public School,Greater Sudbury,0,1,0,1,-80.939337,46.654448
2021-10-21,2021-10-22,Rainbow District School Board,941298,Sudbury Secondary School,Greater Sudbury,1,0,0,1,-80.9983609,46.4971373
2021-10-21,2021-10-22,Simcoe County District School Board,011584,Algonquin Ridge Elementary School,Barrie,0,1,0,1,-79.6437191,44.368418
2021-10-21,2021-10-22,Simcoe County District School Board,505808,Ardagh Bluffs Public School,Barrie,2,0,0,2,-79.7274763,44.3547652
2021-10-21,2021-10-22,Simcoe County District School Board,595047,Hillsdale Elementary School,Springwater,1,0,0,1,-79.76016,44.582699
2021-10-21,2021-10-22,Simcoe County District School Board,918253,Innisdale Secondary School,Barrie,1,0,0,1,-79.685065,44.3592365
2021-10-21,2021-10-22,Simcoe County District School Board,466951,Mundy's Bay Elementary Public School,Midland,2,0,0,2,-79.892106,44.744173
2021-10-21,2021-10-22,Simcoe County District School Board,419346,Orchard Park Elementary School,Orillia,5,0,0,5,-79.4319816,44.6203727
2021-10-21,2021-10-22,Simcoe County District School Board,559075,Tottenham Public School,New Tecumseth,1,0,0,1,-79.8010931,44.0204488
2021-10-21,2021-10-22,Simcoe Muskoka Catholic District School Board,720518,Holy Cross Catholic School,Innisfil,19,1,0,20,-79.5467334,44.3225266
2021-10-21,2021-10-22,Simcoe Muskoka Catholic District School Board,516651,Sister Catherine Donnelly Catholic School,Barrie,1,0,0,1,-79.7045097,44.419297
2021-10-21,2021-10-22,Simcoe Muskoka Catholic District School Board,777935,St Bernadette Elementary School,Barrie,2,0,0,2,-79.7214083,44.332426
2021-10-21,2021-10-22,Simcoe Muskoka Catholic District School Board,781487,St Catherine of Siena School,Barrie,1,0,0,1,-79.7237813,44.3566361
2021-10-21,2021-10-22,Simcoe Muskoka Catholic District School Board,801275,St Joan of Arc High School,Barrie,1,0,0,1,-79.7330081,44.3491459
2021-10-21,2021-10-22,Simcoe Muskoka Catholic District School Board,813389,St Joseph's Separate School,Barrie,3,0,0,3,-79.6844182,44.412707
2021-10-21,2021-10-22,Simcoe Muskoka Catholic District School Board,824690,St. Marie of the Incarnation Separate School,Bradford West Gwillimbury,6,0,0,6,-79.560783,44.1184119
2021-10-21,2021-10-22,Simcoe Muskoka Catholic District School Board,829374,St Marys - Collingwood Separate School,Collingwood,1,0,0,1,-80.223042,44.4808159
2021-10-21,2021-10-22,Simcoe Muskoka Catholic District School Board,844012,St Peter's Secondary School,Barrie,1,0,0,1,-79.6396391,44.3548649
2021-10-21,2021-10-22,St Clair Catholic District School Board,710970,Gregory A Hogan Catholic School,Sarnia,3,0,0,3,-82.3599315,43.0108059
2021-10-21,2021-10-22,St Clair Catholic District School Board,724009,Monsignor Uyen Catholic School,Chatham-Kent,2,0,0,2,-82.22071969999999,42.4101754
2021-10-21,2021-10-22,St Clair Catholic District School Board,757748,Sacred Heart Catholic School,Sarnia,2,0,0,2,-82.3898938,43.0060518
2021-10-21,2021-10-22,St Clair Catholic District School Board,770671,St Anne Catholic School,Sarnia,1,0,0,1,-82.3495652,42.9954638
2021-10-21,2021-10-22,St Clair Catholic District School Board,803375,St John Fisher Catholic School,Lambton Shores,4,0,0,4,-82.0007982,43.1016507
2021-10-21,2021-10-22,St Clair Catholic District School Board,836788,St Patrick's Catholic High School,Sarnia,2,0,0,2,-82.3512669,42.9950104
2021-10-21,2021-10-22,St Clair Catholic District School Board,864366,Ursuline College Chatham Catholic Secondary School,Chatham-Kent,1,0,0,1,-82.1955433,42.4063178
2021-10-21,2021-10-22,Sudbury Catholic District School Board,791075,St Francis Catholic School,Greater Sudbury,1,0,0,1,-81.0130632,46.4772115
2021-10-21,2021-10-22,Thames Valley District School Board,011622,Annandale Public School,Tillsonburg,1,0,0,1,-80.7223946,42.8642413
2021-10-21,2021-10-22,Thames Valley District School Board,947148,B Davison Secondary School Secondary School,London,2,0,0,2,-81.2195087,42.9775675
2021-10-21,2021-10-22,Thames Valley District School Board,072222,Byron Southwood Public School,London,1,0,0,1,-81.33390829999999,42.9507359
2021-10-21,2021-10-22,Thames Valley District School Board,082759,Caradoc Public School,Strathroy-Caradoc,1,0,0,1,-81.4913309,42.9106096
2021-10-21,2021-10-22,Thames Valley District School Board,902420,College Avenue Secondary School,Woodstock,1,0,0,1,-80.7454828,43.1242326
2021-10-21,2021-10-22,Thames Valley District School Board,134236,Davenport Public School,Aylmer,1,0,0,1,-80.9932728,42.7692167
2021-10-21,2021-10-22,Thames Valley District School Board,136182,Delaware Central School,Middlesex Centre,0,4,0,4,-81.4215455,42.9119866
2021-10-21,2021-10-22,Thames Valley District School Board,430242,Eagle Heights Public School,London,3,0,0,3,-81.2755643,42.9877856
2021-10-21,2021-10-22,Thames Valley District School Board,163740,Eastdale Public School,Woodstock,2,2,0,4,-80.73388779999999,43.1251842
2021-10-21,2021-10-22,Thames Valley District School Board,906581,East Elgin Secondary School,Aylmer,1,0,0,1,-80.9915392,42.7725162
2021-10-21,2021-10-22,Thames Valley District School Board,190268,Evelyn Harrison Public School,London,1,0,0,1,-81.195417,43.0235615
2021-10-21,2021-10-22,Thames Valley District School Board,912956,Glendale High School,Tillsonburg,1,0,0,1,-80.7417955,42.8671791
2021-10-21,2021-10-22,Thames Valley District School Board,046639,Mary Wright Public School,Strathroy-Caradoc,2,0,0,2,-81.6157847,42.9437533
2021-10-21,2021-10-22,Thames Valley District School Board,346780,Masonville Public School,London,1,0,0,1,-81.284668,43.0255129
2021-10-21,2021-10-22,Thames Valley District School Board,378119,Mountsfield Public School,London,3,0,0,3,-81.2437759,42.9587843
2021-10-21,2021-10-22,Thames Valley District School Board,495638,Ryerson Public School,London,1,1,0,2,-81.2515294,43.0050902
2021-10-21,2021-10-22,Thames Valley District School Board,527742,Springbank Public School,Woodstock,1,0,0,1,-80.729528,43.141485
2021-10-21,2021-10-22,Thames Valley District School Board,605816,Wilfrid Jury Public School,London,2,0,0,2,-81.3061002,42.9965053
2021-10-21,2021-10-22,Toronto Catholic District School Board,689360,Bishop Allen Academy Catholic Secondary School,Toronto,4,0,0,4,-79.5049308,43.63419
2021-10-21,2021-10-22,Toronto Catholic District School Board,691798,Bishop Marrocco/Thomas Merton Catholic Secondary School,Toronto,1,0,0,1,-79.4520945,43.6561083
2021-10-21,2021-10-22,Toronto Catholic District School Board,694045,Canadian Martyrs Catholic School,Toronto,1,0,0,1,-79.3197093,43.6982088
2021-10-21,2021-10-22,Toronto Catholic District School Board,695408,Cardinal Leger Catholic School,Toronto,1,0,0,1,-79.1754766,43.7933483
2021-10-21,2021-10-22,Toronto Catholic District School Board,707589,Father Henry Carr Catholic Secondary School,Toronto,1,0,0,1,-79.5921817,43.7360602
2021-10-21,2021-10-22,Toronto Catholic District School Board,731951,Father John Redmond Catholic Secondary School,Toronto,1,0,0,1,-79.5167212,43.5948601
2021-10-21,2021-10-22,Toronto Catholic District School Board,707708,Francis Libermann Catholic High School,Toronto,1,0,0,1,-79.274228,43.8068198
2021-10-21,2021-10-22,Toronto Catholic District School Board,728063,Loretto College School,Toronto,1,0,0,1,-79.4432802,43.6759651
2021-10-21,2021-10-22,Toronto Catholic District School Board,731820,Michael Power/St Joseph High School,Toronto,6,0,0,6,-79.5821184,43.6593463
2021-10-21,2021-10-22,Toronto Catholic District School Board,749290,Our Lady of Victory Catholic School,Toronto,2,0,0,2,-79.4896321,43.6836212
2021-10-21,2021-10-22,Toronto Catholic District School Board,785857,St Antoine Daniel Catholic School,Toronto,0,1,0,1,-79.4294888,43.7769867
2021-10-21,2021-10-22,Toronto Catholic District School Board,775444,St Augustine Catholic School,Toronto,0,1,0,1,-79.5250424,43.7680849
2021-10-21,2021-10-22,Toronto Catholic District School Board,780880,St Brigid Catholic School,Toronto,1,0,0,1,-79.3168714,43.6868117
2021-10-21,2021-10-22,Toronto Catholic District School Board,783510,St Charles Garnier Catholic School,Toronto,1,0,0,1,-79.5177492,43.7624409
2021-10-21,2021-10-22,Toronto Catholic District School Board,784389,St Clare Catholic School,Toronto,1,0,0,1,-79.441401,43.6793488
2021-10-21,2021-10-22,Toronto Catholic District School Board,789690,St Eugene Catholic School,Toronto,3,0,0,3,-79.5372047,43.6925158
2021-10-21,2021-10-22,Toronto Catholic District School Board,793868,St Gabriel Lalemant Catholic School,Toronto,0,1,0,1,-79.2266994,43.8124993
2021-10-21,2021-10-22,Toronto Catholic District School Board,751537,St John Paul II Catholic Secondary School,Toronto,1,0,0,1,-79.1995008,43.7897026
2021-10-21,2021-10-22,Toronto Catholic District School Board,805971,St Josaphat Catholic School,Toronto,1,0,0,1,-79.508719,43.5994813
2021-10-21,2021-10-22,Toronto Catholic District School Board,836133,St Nicholas Catholic School,Toronto,1,0,0,1,-79.2330176,43.7479438
2021-10-21,2021-10-22,Toronto Catholic District School Board,836435,St Nicholas of Bari Catholic School,Toronto,2,0,0,2,-79.4607142,43.6830381
2021-10-21,2021-10-22,Toronto Catholic District School Board,836524,St Norbert Catholic School,Toronto,1,0,0,1,-79.4644336,43.7345579
2021-10-21,2021-10-22,Toronto Catholic District School Board,850381,St Simon Catholic School,Toronto,1,0,0,1,-79.532917,43.718781
2021-10-21,2021-10-22,Toronto Catholic District School Board,856541,St Timothy Catholic School,Toronto,0,1,0,1,-79.3511466,43.7749766
2021-10-21,2021-10-22,Toronto Catholic District School Board,856932,St Ursula Catholic School,Toronto,3,0,0,3,-79.1997478,43.7498372
2021-10-21,2021-10-22,Toronto Catholic District School Board,858757,St Vincent de Paul Catholic School,Toronto,1,0,0,1,-79.4479789,43.6467881
2021-10-21,2021-10-22,Toronto Catholic District School Board,803403,The Holy Trinity Catholic School,Toronto,2,0,0,2,-79.516937,43.5974641
2021-10-21,2021-10-22,Toronto District School Board,344930,Africentric Alternative School,Toronto,1,0,0,1,-79.4882752,43.7454319
2021-10-21,2021-10-22,Toronto District School Board,005479,Agnes Macphail Public School,Toronto,1,0,0,1,-79.27841719999999,43.8192805
2021-10-21,2021-10-22,Toronto District School Board,285662,ALPHA II Alternative School,Toronto,1,0,0,1,-79.436949,43.659292
2021-10-21,2021-10-22,Toronto District School Board,282227,Brookview Middle School,Toronto,1,0,0,1,-79.5172656,43.7675533
2021-10-21,2021-10-22,Toronto District School Board,068713,Buchanan Public School,Toronto,0,2,0,2,-79.2998861,43.7513585
2021-10-21,2021-10-22,Toronto District School Board,080020,Cameron Public School,Toronto,3,0,0,3,-79.421185,43.754388
2021-10-21,2021-10-22,Toronto District School Board,899178,Cedarbrae Collegiate Institute,Toronto,1,0,0,1,-79.2258021,43.7562815
2021-10-21,2021-10-22,Toronto District School Board,101796,Charles Gordon Senior Public School,Toronto,5,0,0,5,-79.2608131,43.7463175
2021-10-21,2021-10-22,Toronto District School Board,151262,Charles H Best Junior and Middle School,Toronto,6,0,0,6,-79.4589687,43.7673677
2021-10-21,2021-10-22,Toronto District School Board,106178,Chester Le Junior Public School,Toronto,1,0,0,1,-79.3313308,43.7985515
2021-10-21,2021-10-22,Toronto District School Board,113174,Clinton Street Junior Public School,Toronto,1,0,0,1,-79.4137117,43.6576243
2021-10-21,2021-10-22,Toronto District School Board,123315,Cornell Junior Public School,Toronto,2,0,0,2,-79.218356,43.759448
2021-10-21,2021-10-22,Toronto District School Board,125008,Corvette Junior Public School,Toronto,2,0,0,2,-79.2622055,43.7266137
2021-10-21,2021-10-22,Toronto District School Board,133060,Dallington Public School,Toronto,0,1,0,1,-79.354285,43.777002
2021-10-21,2021-10-22,Toronto District School Board,448052,Diefenbaker Elementary School,Toronto,0,1,0,1,-79.3317204,43.694978
2021-10-21,2021-10-22,Toronto District School Board,906450,Earl Haig Secondary School,Toronto,1,0,0,1,-79.406068,43.7694734
2021-10-21,2021-10-22,Toronto District School Board,177261,Elmlea Junior School,Toronto,1,0,0,1,-79.549537,43.715969
2021-10-21,2021-10-22,Toronto District School Board,909602,Etobicoke School of the Arts,Toronto,1,0,0,1,-79.5039342,43.630802
2021-10-21,2021-10-22,Toronto District School Board,198781,Fleming Public School,Toronto,1,0,0,1,-79.2032803,43.8153862
2021-10-21,2021-10-22,Toronto District School Board,211451,General Mercer Junior Public School,Toronto,1,0,0,1,-79.4640157,43.6790683
2021-10-21,2021-10-22,Toronto District School Board,211842,George Anderson Public School,Toronto,4,0,0,4,-79.478917,43.705483
2021-10-21,2021-10-22,Toronto District School Board,912174,George Harvey Collegiate Institute,Toronto,2,0,0,2,-79.4732071,43.684878
2021-10-21,2021-10-22,Toronto District School Board,213403,George Syme Community School,Toronto,2,0,0,2,-79.490997,43.6693249
2021-10-21,2021-10-22,Toronto District School Board,229580,Greenholme Junior Middle School,Toronto,18,1,0,19,-79.5831298,43.7346901
2021-10-21,2021-10-22,Toronto District School Board,255467,Highcastle Public School,Toronto,6,0,0,6,-79.2122749,43.7866346
2021-10-21,2021-10-22,Toronto District School Board,270504,Humber Summit Middle School,Toronto,3,0,0,3,-79.5643369,43.7505603
2021-10-21,2021-10-22,Toronto District School Board,270342,Humber Valley Village Junior Middle School,Toronto,1,0,0,1,-79.5267309,43.6654635
2021-10-21,2021-10-22,Toronto District School Board,280879,Jackman Avenue Junior Public School,Toronto,0,1,0,1,-79.3539386,43.6806588
2021-10-21,2021-10-22,Toronto District School Board,284203,John McCrae Public School,Toronto,3,0,0,3,-79.2401769,43.7439245
2021-10-21,2021-10-22,Toronto District School Board,286060,Joseph Brant Senior Public School,Toronto,1,0,0,1,-79.1751339,43.7668329
2021-10-21,2021-10-22,Toronto District School Board,294780,King Edward Junior and Senior Public School,Toronto,0,2,0,2,-79.4074814,43.657941
2021-10-21,2021-10-22,Toronto District School Board,311553,Lescon Public School,Toronto,1,0,0,1,-79.3575455,43.7806396
2021-10-21,2021-10-22,Toronto District School Board,349127,Maurice Cody Junior Public School,Toronto,2,0,0,2,-79.3775068,43.7048171
2021-10-21,2021-10-22,Toronto District School Board,364746,Mill Valley Junior School,Toronto,1,0,0,1,-79.5873285,43.6442414
2021-10-21,2021-10-22,Toronto District School Board,365769,Millwood Junior School,Toronto,4,0,0,4,-79.5771723,43.6335106
2021-10-21,2021-10-22,Toronto District School Board,929468,North Albion Collegiate Institute,Toronto,0,1,0,1,-79.5848745,43.7469282
2021-10-21,2021-10-22,Toronto District School Board,930768,Northern Secondary School,Toronto,0,1,0,1,-79.3906606,43.7104428
2021-10-21,2021-10-22,Toronto District School Board,931020,Northview Heights Secondary School,Toronto,1,0,0,1,-79.446173,43.7737562
2021-10-21,2021-10-22,Toronto District School Board,413739,Oakdale Park Middle School,Toronto,1,0,0,1,-79.512099,43.747478
2021-10-21,2021-10-22,Toronto District School Board,933759,Parkdale Collegiate Institute,Toronto,1,0,0,1,-79.4360715,43.6396663
2021-10-21,2021-10-22,Toronto District School Board,441554,Perth Avenue Junior Public School,Toronto,2,0,0,2,-79.4527966,43.6625903
2021-10-21,2021-10-22,Toronto District School Board,457809,Princess Margaret Junior School,Toronto,10,0,0,10,-79.5589985,43.6709981
2021-10-21,2021-10-22,Toronto District School Board,467812,R J Lang Elementary and Middle School,Toronto,0,2,0,2,-79.426514,43.7837227
2021-10-21,2021-10-22,Toronto District School Board,487872,Robert Service Senior Public School,Toronto,1,0,0,1,-79.2513599,43.7290059
2021-10-21,2021-10-22,Toronto District School Board,949744,SATEC @ W A Porter Collegiate Institute,Toronto,1,0,0,1,-79.2873215,43.7166108
2021-10-21,2021-10-22,Toronto District School Board,504866,Second Street Junior Middle School,Toronto,1,0,0,1,-79.4999829,43.6043515
2021-10-21,2021-10-22,Toronto District School Board,505250,Selwyn Elementary School,Toronto,1,0,0,1,-79.3063575,43.708517
2021-10-21,2021-10-22,Toronto District School Board,506036,Seventh Street Junior School,Toronto,2,0,0,2,-79.504047,43.599816
2021-10-21,2021-10-22,Toronto District School Board,941425,Silverthorn Collegiate Institute,Toronto,12,0,0,12,-79.5802096,43.6379231
2021-10-21,2021-10-22,Toronto District School Board,534374,Stanley Public School,Toronto,1,0,0,1,-79.5175949,43.7419527
2021-10-21,2021-10-22,Toronto District School Board,543349,Sunny View Junior and Senior Public School,Toronto,1,0,0,1,-79.3874742,43.719537
2021-10-21,2021-10-22,Toronto District School Board,544388,Swansea Junior and Senior Junior and Senior Public School,Toronto,2,0,0,2,-79.4770369,43.6434732
2021-10-21,2021-10-22,Toronto District School Board,550647,Tecumseh Senior Public School,Toronto,1,0,0,1,-79.2166374,43.7628389
2021-10-21,2021-10-22,Toronto District School Board,951749,West Humber Collegiate Institute,Toronto,3,0,0,3,-79.5870799,43.7311039
2021-10-21,2021-10-22,Toronto District School Board,603015,Westway Junior School,Toronto,2,0,0,2,-79.5486944,43.6908027
2021-10-21,2021-10-22,Toronto District School Board,607304,William Burgess Elementary School,Toronto,1,0,0,1,-79.3485222,43.6918275
2021-10-21,2021-10-22,Toronto District School Board,089516,Wilmington Elementary School,Toronto,1,0,0,1,-79.4603466,43.7684446
2021-10-21,2021-10-22,Toronto District School Board,954039,Winston Churchill Collegiate Institute,Toronto,1,0,0,1,-79.2781607,43.7480968
2021-10-21,2021-10-22,Toronto District School Board,616141,Withrow Avenue Junior Public School,Toronto,3,0,0,3,-79.3520886,43.6706144
2021-10-21,2021-10-22,Toronto District School Board,624594,Yorkview Public School,Toronto,1,0,0,1,-79.4354768,43.7724832
2021-10-21,2021-10-22,Trillium Lakelands District School Board,368946,Monck Public School,Bracebridge,3,0,0,3,-79.3207417,45.0410178
2021-10-21,2021-10-22,Trillium Lakelands District School Board,489425,Rolling Hills Public School,Kawartha Lakes,2,0,0,2,-78.6584167,44.160221
2021-10-21,2021-10-22,Upper Canada District School Board,247005,Bridgewood Public School,Cornwall,1,0,0,1,-74.7068461,45.0365206
2021-10-21,2021-10-22,Upper Canada District School Board,902810,Cornwall Collegiate and Vocational School,Cornwall,1,0,0,1,-74.7285075,45.0228721
2021-10-21,2021-10-22,Upper Canada District School Board,149209,Drummond Central School,Drummond/North Elmsley,1,0,0,1,-76.2376659,44.9884546
2021-10-21,2021-10-22,Upper Canada District School Board,320498,Longue Sault Public School,South Stormont,1,0,0,1,-74.8937032,45.0316904
2021-10-21,2021-10-22,Upper Canada District School Board,935425,Rockland District High School,Clarence-Rockland,1,0,0,1,-75.285136,45.5441483
2021-10-21,2021-10-22,Upper Canada District School Board,946648,Tagwi Secondary School,North Stormont,1,0,0,1,-74.9285867,45.1798411
2021-10-21,2021-10-22,Upper Canada District School Board,536849,The Stewart Public School,Perth,1,0,0,1,-76.2596547,44.903811
2021-10-21,2021-10-22,Upper Canada District School Board,945072,T R Leger School of Adult & Continuing Secondary School,Cornwall,1,0,0,1,-75.6394492,45.007356
2021-10-21,2021-10-22,Upper Canada District School Board,949094,Vankleek Hill Collegiate Institute,Champlain,1,0,0,1,-74.6530358,45.5225305
2021-10-21,2021-10-22,Upper Canada District School Board,578444,Viscount Alexander Public School,Cornwall,4,0,0,4,-74.7665122,45.0151915
2021-10-21,2021-10-22,Upper Canada District School Board,613150,Winchester Public School,North Dundas,1,0,0,1,-75.3526544,45.0894103
2021-10-21,2021-10-22,Upper Grand District School Board,477283,Spencer Avenue Elementary School,Orangeville,0,0,2,2,-80.1279414,43.8980578
2021-10-21,2021-10-22,Waterloo Region District School Board,B66176,Board Site,Kitchener,0,1,0,1,-80.479758,43.4271719
2021-10-21,2021-10-22,Waterloo Region District School Board,588849,Breslau Public School,Woolwich,2,0,0,2,-80.4166412,43.477936
2021-10-21,2021-10-22,Waterloo Region District School Board,061697,Bridgeport Public School,Kitchener,0,1,0,1,-80.4866167,43.483329
2021-10-21,2021-10-22,Waterloo Region District School Board,620432,Conestogo Public School,Woolwich,1,0,0,1,-80.508382,43.541877
2021-10-21,2021-10-22,Waterloo Region District School Board,588970,Doon Public School,Kitchener,2,0,0,2,-80.420675,43.3872156
2021-10-21,2021-10-22,Waterloo Region District School Board,201448,Forest Hill Public School,Kitchener,0,1,0,1,-80.5057261,43.4261387
2021-10-21,2021-10-22,Waterloo Region District School Board,914070,Grand River Collegiate Institute,Kitchener,3,0,0,3,-80.4378649,43.4572916
2021-10-21,2021-10-22,Waterloo Region District School Board,095230,Hespeler Public School,Cambridge,1,0,0,1,-80.3050266,43.4207453
2021-10-21,2021-10-22,Waterloo Region District School Board,920495,Kitchener Waterloo Collegiate and Vocational School,Kitchener,1,0,0,1,-80.509026,43.455668
2021-10-21,2021-10-22,Waterloo Region District School Board,345997,Mary Johnston Public School,Waterloo,1,0,0,1,-80.5645396,43.4582082
2021-10-21,2021-10-22,Waterloo Region District School Board,109487,Moffat Creek Public School,Cambridge,1,0,0,1,-80.2759354,43.3459362
2021-10-21,2021-10-22,Waterloo Region District School Board,382620,N A MacEachern Public School,Waterloo,2,1,0,3,-80.5614724,43.4892095
2021-10-21,2021-10-22,Waterloo Region District School Board,436267,Parkway Public School,Cambridge,4,0,0,4,-80.3782457,43.3963664
2021-10-21,2021-10-22,Waterloo Region District School Board,466646,Queensmount Public School,Kitchener,2,0,0,2,-80.5112142,43.4341458
2021-10-21,2021-10-22,Waterloo Region District School Board,486140,Riverside Public School,Woolwich,1,0,0,1,-80.5709464,43.604217
2021-10-21,2021-10-22,Waterloo Region District School Board,533718,Silverheights Public School,Cambridge,1,0,0,1,-80.3155996,43.4415219
2021-10-21,2021-10-22,Waterloo Region District School Board,942006,Sir John A Macdonald Secondary School,Waterloo,3,0,0,3,-80.5941144,43.471009
2021-10-21,2021-10-22,Waterloo Region District School Board,118524,Vista Hills Public School,Waterloo,1,0,0,1,-80.5903762,43.4526931
2021-10-21,2021-10-22,Waterloo Region District School Board,591955,Wellesley Public School,Wellesley,2,0,0,2,-80.7558236,43.4774872
2021-10-21,2021-10-22,Wellington Catholic District School Board,745529,Our Lady of Lourdes Catholic School,Guelph,1,0,0,1,-80.2682279,43.5476288
2021-10-21,2021-10-22,Windsor-Essex Catholic District School Board,694452,Cardinal Carter Catholic Secondary School,Leamington,1,0,0,1,-82.6171272,42.0419259
2021-10-21,2021-10-22,Windsor-Essex Catholic District School Board,700088,Catholic Central,Windsor,2,0,0,2,-83.0183257,42.29705
2021-10-21,2021-10-22,Windsor-Essex Catholic District School Board,717835,Holy Name Catholic School,Essex,1,0,0,1,-82.8218187,42.1642443
2021-10-21,2021-10-22,Windsor-Essex Catholic District School Board,757616,Sacred Heart Catholic Elementary School,Lasalle,2,0,0,2,-83.0985296,42.2331199
2021-10-21,2021-10-22,Windsor-Essex Catholic District School Board,769576,St Angela Catholic School,Windsor,2,0,0,2,-83.0175813,42.3060125
2021-10-21,2021-10-22,Windsor-Essex Catholic District School Board,771392,St Anne French Immersion Catholic School,Windsor,8,0,0,8,-83.004919,42.316584
2021-10-21,2021-10-22,Windsor-Essex Catholic District School Board,859575,Stella Maris Catholic School,Amherstburg,3,0,0,3,-83.106554,42.115545
2021-10-21,2021-10-22,Windsor-Essex Catholic District School Board,799475,St James Catholic School,Windsor,1,0,0,1,-83.061174,42.283895
2021-10-21,2021-10-22,Windsor-Essex Catholic District School Board,736163,St Joseph's High School,Windsor,1,0,0,1,-82.9121975,42.3168561
2021-10-21,2021-10-22,Windsor-Essex Catholic District School Board,819492,St Louis Catholic School,Leamington,1,0,0,1,-82.589171,42.054902
2021-10-21,2021-10-22,York Catholic District School Board,874361,Blessed Trinity Catholic Elementary School,Vaughan,2,0,0,2,-79.5261052,43.8438528
2021-10-21,2021-10-22,York Catholic District School Board,688745,Guardian Angels,Vaughan,0,1,0,1,-79.5693873,43.8489776
2021-10-21,2021-10-22,York Catholic District School Board,742236,Our Lady of Hope Catholic Elementary School,Richmond Hill,1,0,0,1,-79.476017,43.954402
2021-10-21,2021-10-22,York Catholic District School Board,756709,Sacred Heart Catholic High School,Newmarket,0,1,0,1,-79.4396918,44.0570582
2021-10-21,2021-10-22,York Catholic District School Board,874396,St Andrew Catholic Elementary School,Vaughan,1,0,0,1,-79.6115795,43.8185491
2021-10-21,2021-10-22,York Catholic District School Board,769606,St Angela Merici Catholic Elementary School,Vaughan,2,0,0,2,-79.6231445,43.8012521
2021-10-21,2021-10-22,York Catholic District School Board,773689,St Anthony Catholic Elementary School,Markham,1,0,0,1,-79.4159388,43.8290308
2021-10-21,2021-10-22,York Catholic District School Board,783137,St Charles Garnier Catholic Elementary School,Richmond Hill,1,0,0,1,-79.4470946,43.8534699
2021-10-21,2021-10-22,York Catholic District School Board,786020,St David Catholic Elementary School,Vaughan,1,0,0,1,-79.5190803,43.858509
2021-10-21,2021-10-22,York Catholic District School Board,801259,St Joan of Arc Catholic High School,Vaughan,1,0,0,1,-79.5189183,43.8612838
2021-10-21,2021-10-22,York Catholic District School Board,809381,St Joseph Catholic Elementary School,Markham,1,0,0,1,-79.2229378,43.8967946
2021-10-21,2021-10-22,York Catholic District School Board,835498,St Monica Catholic Elementary School,Markham,2,0,0,2,-79.35295789999999,43.87465599999999
2021-10-21,2021-10-22,York Catholic District School Board,849626,St Robert Catholic High School,Markham,1,0,0,1,-79.3773897,43.8352333
2021-10-21,2021-10-22,York Catholic District School Board,864080,St Thomas Aquinas Catholic Elementary School,Georgina,1,0,0,1,-79.4825166,44.2494015
2021-10-21,2021-10-22,York Region District School Board,557674,Beynon Fields Public School,Richmond Hill,1,0,0,1,-79.4710392,43.9158771
2021-10-21,2021-10-22,York Region District School Board,B66095,Board Site,Aurora,0,1,0,1,-79.4712164,43.9995835
2021-10-21,2021-10-22,York Region District School Board,034347,Brownridge Public School,Vaughan,1,0,0,1,-79.4613587,43.8058516
2021-10-21,2021-10-22,York Region District School Board,211434,Carrville Mills Public School,Vaughan,4,0,0,4,-79.4727265,43.8405736
2021-10-21,2021-10-22,York Region District School Board,115541,Charlton Public School,Vaughan,1,0,0,1,-79.4640174,43.7963953
2021-10-21,2021-10-22,York Region District School Board,246078,David Suzuki Public School,Markham,3,0,0,3,-79.2253008,43.8558865
2021-10-21,2021-10-22,York Region District School Board,270680,Elder's Mills Public School,Vaughan,1,0,0,1,-79.619751,43.813958
2021-10-21,2021-10-22,York Region District School Board,919233,Keswick High School,Georgina,2,0,0,2,-79.457204,44.2233681
2021-10-21,2021-10-22,York Region District School Board,382809,Lorna Jackson Public School,Vaughan,4,0,0,4,-79.6206864,43.8223698
2021-10-21,2021-10-22,York Region District School Board,234850,Maple Leaf Public School,Newmarket,1,0,0,1,-79.4689642,44.06157140000001
2021-10-21,2021-10-22,York Region District School Board,240701,Michaelle Jean Public School,Richmond Hill,1,0,0,1,-79.4123554,43.8909535
2021-10-21,2021-10-22,York Region District School Board,413348,O M MacKillop Public School,Richmond Hill,0,1,0,1,-79.4470189,43.8811767
2021-10-21,2021-10-22,York Region District School Board,472727,Ramer Wood Public School,Markham,1,0,0,1,-79.2775863,43.8805295
2021-10-21,2021-10-22,York Region District School Board,257447,Rick Hansen Public School,Aurora,1,0,0,1,-79.4417523,44.0209442
2021-10-21,2021-10-22,York Region District School Board,298298,Schomberg Public School,King,0,1,0,1,-79.6764296,43.9988772
2021-10-21,2021-10-22,York Region District School Board,945508,Stephen Lewis Secondary School,Vaughan,1,0,0,1,-79.4759129,43.8357304
2021-10-21,2021-10-22,York Region District School Board,898285,Tommy Douglas Secondary School,Vaughan,0,1,0,1,-79.5674304,43.8440988
2021-10-21,2021-10-22,York Region District School Board,570460,Ventura Park Public School,Vaughan,1,0,0,1,-79.4643214,43.816289
2021-10-21,2021-10-22,York Region District School Board,610593,Willowbrook Public School,Markham,4,0,0,4,-79.3980135,43.8290859
